1;2022-03-04T00:00:00.000Z;2022-03-05T20:00:00.000Z
2;2022-03-08T00:00:00.000Z;2022-03-08T02:00:00.000Z
3;2022-03-16T06:00:00.000Z;2022-03-16T07:00:00.000Z
4;2022-03-20T17:00:00.000Z;2022-03-20T18:00:00.000Z
5;2022-05-04T15:00:00.000Z;2022-05-04T16:00:00.000Z
6;2022-05-09T07:00:00.000Z;2022-05-10T05:00:00.000Z
7;2022-05-12T09:00:00.000Z;2022-05-12T10:00:00.000Z
8;2022-06-06T13:00:00.000Z;2022-06-06T14:00:00.000Z
9;2022-08-08T15:00:00.000Z;2022-08-09T19:00:00.000Z
10;2022-09-19T09:00:00.000Z;2022-09-19T12:00:00.000Z
11;2022-10-16T09:00:00.000Z;2022-10-16T19:00:00.000Z
12;2022-10-24T21:00:00.000Z;2022-10-24T22:00:00.000Z
13;2022-10-25T00:00:00.000Z;2022-10-25T07:00:00.000Z
14;2022-11-02T20:00:00.000Z;2022-11-02T22:00:00.000Z
15;2022-11-22T21:00:00.000Z;2022-11-23T02:00:00.000Z